split,images,abnormal_images,normal_images,abnormal_rate
train,10500,3076,7424,0.29295238095238096
val,2250,659,1591,0.29288888888888887
test,2250,659,1591,0.29288888888888887
